{
 "problem": "local",
 "graph_size": 100,
 "batch_size": 512,
 "epoch_size": 1280000,
 "val_size": 10000,
 "embedding_dim": 128,
 "hidden_dim": 128,
 "context_dim": 32,
 "n_encode_layers": 6,
 "tanh_clipping": 10.0,
 "normalization": "batch",
 "lr_model": 0.0001,
 "lr_decay": 0.99,
 "eval_only": false,
 "n_epochs": 300,
 "seed": 1234,
 "max_grad_norm": 1.0,
 "no_cuda": false,
 "exp_beta": 0.8,
 "baseline": "rollout",
 "bl_alpha": 0.05,
 "bl_warmup_epochs": 1,
 "eval_batch_size": 1000,
 "checkpoint_encoder": false,
 "shrink_size": null,
 "data_distribution": "unit",
 "log_step": 250,
 "log_dir": "logs",
 "run_name": "FI-train-100_20221015T123143",
 "output_dir": "outputs",
 "epoch_start": 0,
 "checkpoint_epochs": 50,
 "load_path": "pretrained_LCP/Reviser-scale/reviser_100/epoch-200.pt",
 "resume": null,
 "no_tensorboard": true,
 "no_progress_bar": true,
 "FI_train": true,
 "FI_path": "data/FI_train_tsp/500_FI100_seed1235.pt",
 "use_cuda": true,
 "save_dir": "outputs/local_100/FI-train-100_20221015T123143"
}